,Average interarrival time,Average service time teller1,Average service time teller 2,Utilization teller 1,Utilization teller 2,People who had to wait in line,Total average wait time,Lost Customers
0,2.7824157335282673,1.38626583484992,1.5721880112191142,0.2519752724240805,0.27277998273770215,13.0,10.229415192625428,0.0
1,2.7824157335282673,1.38626583484992,1.5721880112191142,0.2519752724240805,0.27277998273770215,13.0,10.229415192625428,0.0
